{"cameraMode":{"drawMode":0,"name":"Shaded","section":"Shading Mode"},"sceneLighting":false,"audioPlay":false,"sceneViewState":{"m_AlwaysRefresh":false,"showFog":true,"showSkybox":false,"showFlares":true,"showImageEffects":true,"showParticleSystems":true,"showVisualEffectGraphs":true,"m_FxEnabled":true},"in2DMode":false,"pivot":{"x":20.78709602355957,"y":3.4394431114196779,"z":3.8914899826049806},"rotation":{"x":-0.0059913452714681629,"y":-0.05397288128733635,"z":-0.0003239476354792714,"w":0.9985253810882568},"size":1.2651429176330567,"orthographic":true}